{
    "Attack1st": {
        "0": {
            "easeType": 30,
            "endFrame": 0,
            "transform": {
                "rotate": [
                    0.0,
                    0.0,
                    0.0
                ],
                "scale": [
                    1.0,
                    1.0,
                    1.0
                ],
                "translate": [
                    0.0,
                    -7.0,
                    0.0
                ]
            }
        },
        "1": {
            "easeType": 7,
            "endFrame": 16,
            "transform": {
                "rotate": [
                    -0.2199999988079071,
                    3.140000104904175,
                    0.0
                ],
                "scale": [
                    1.0,
                    1.0,
                    1.0
                ],
                "translate": [
                    0.0,
                    -7.0,
                    0.0
                ]
            }
        },
        "2": {
            "easeType": 7,
            "endFrame": 32,
            "transform": {
                "rotate": [
                    0.0,
                    3.140000104904175,
                    0.0
                ],
                "scale": [
                    1.0,
                    1.0,
                    1.0
                ],
                "translate": [
                    0.0,
                    -7.0,
                    0.0
                ]
            }
        },
        "3": {
            "easeType": 7,
            "endFrame": 42,
            "transform": {
                "rotate": [
                    1.059999942779541,
                    3.140000104904175,
                    0.0
                ],
                "scale": [
                    1.0,
                    1.0,
                    1.0
                ],
                "translate": [
                    0.0,
                    -7.0,
                    0.0
                ]
            }
        },
        "4": {
            "easeType": 7,
            "endFrame": 52,
            "transform": {
                "rotate": [
                    1.059999942779541,
                    3.140000104904175,
                    0.0
                ],
                "scale": [
                    1.0,
                    1.0,
                    1.0
                ],
                "translate": [
                    0.0,
                    -7.0,
                    0.0
                ]
            }
        }
    },
    "Attack2nd": {
        "0": {
            "easeType": 30,
            "endFrame": 0,
            "transform": {
                "rotate": [
                    0.0,
                    0.0,
                    0.0
                ],
                "scale": [
                    1.0,
                    1.0,
                    1.0
                ],
                "translate": [
                    0.0,
                    -7.0,
                    0.0
                ]
            }
        },
        "1": {
            "easeType": 30,
            "endFrame": 16,
            "transform": {
                "rotate": [
                    0.0,
                    0.0,
                    0.0
                ],
                "scale": [
                    1.0,
                    1.0,
                    1.0
                ],
                "translate": [
                    0.0,
                    -7.0,
                    0.0
                ]
            }
        },
        "2": {
            "easeType": 30,
            "endFrame": 32,
            "transform": {
                "rotate": [
                    0.0,
                    0.0,
                    0.0
                ],
                "scale": [
                    1.0,
                    1.0,
                    1.0
                ],
                "translate": [
                    0.0,
                    -7.0,
                    0.0
                ]
            }
        },
        "3": {
            "easeType": 30,
            "endFrame": 42,
            "transform": {
                "rotate": [
                    0.0,
                    0.0,
                    0.0
                ],
                "scale": [
                    1.0,
                    1.0,
                    1.0
                ],
                "translate": [
                    0.0,
                    -7.0,
                    0.0
                ]
            }
        },
        "4": {
            "easeType": 30,
            "endFrame": 52,
            "transform": {
                "rotate": [
                    0.0,
                    0.0,
                    0.0
                ],
                "scale": [
                    1.0,
                    1.0,
                    1.0
                ],
                "translate": [
                    0.0,
                    -7.0,
                    0.0
                ]
            }
        }
    },
    "Avoidance": {
        "0": {
            "easeType": 30,
            "endFrame": 0,
            "transform": {
                "rotate": [
                    0.0,
                    0.0,
                    0.0
                ],
                "scale": [
                    1.0,
                    1.0,
                    1.0
                ],
                "translate": [
                    0.0,
                    -7.0,
                    0.0
                ]
            }
        },
        "1": {
            "easeType": 30,
            "endFrame": 10,
            "transform": {
                "rotate": [
                    0.0,
                    0.0,
                    0.0
                ],
                "scale": [
                    1.0,
                    1.0,
                    1.0
                ],
                "translate": [
                    0.0,
                    -7.0,
                    0.0
                ]
            }
        },
        "2": {
            "easeType": 30,
            "endFrame": 20,
            "transform": {
                "rotate": [
                    0.0,
                    0.0,
                    0.0
                ],
                "scale": [
                    1.0,
                    1.0,
                    1.0
                ],
                "translate": [
                    0.0,
                    -7.0,
                    0.0
                ]
            }
        },
        "3": {
            "easeType": 30,
            "endFrame": 30,
            "transform": {
                "rotate": [
                    0.0,
                    0.0,
                    0.0
                ],
                "scale": [
                    1.0,
                    1.0,
                    1.0
                ],
                "translate": [
                    0.0,
                    -7.0,
                    0.0
                ]
            }
        }
    },
    "Dash": {
        "0": {
            "easeType": 30,
            "endFrame": 0,
            "transform": {
                "rotate": [
                    0.0,
                    0.0,
                    0.0
                ],
                "scale": [
                    1.0,
                    1.0,
                    1.0
                ],
                "translate": [
                    0.0,
                    -7.0,
                    0.0
                ]
            }
        },
        "1": {
            "easeType": 30,
            "endFrame": 10,
            "transform": {
                "rotate": [
                    0.0,
                    0.0,
                    0.0
                ],
                "scale": [
                    1.0,
                    1.0,
                    1.0
                ],
                "translate": [
                    0.0,
                    -7.0,
                    0.0
                ]
            }
        },