{
    "DashSwingDown": {
        "0": {
            "easeType": 30,
            "endFrame": 0,
            "transform": {
                "rotate": [
                    0.0,
                    0.0,
                    0.0
                ],
                "scale": [
                    1.0,
                    1.0,
                    1.0
                ],
                "translate": [
                    0.0,
                    22.5,
                    0.0
                ]
            }
        },
        "1": {
            "easeType": 30,
            "endFrame": 10,
            "transform": {
                "rotate": [
                    0.20000000298023224,
                    -1.2999999523162842,
                    0.0
                ],
                "scale": [
                    1.0,
                    1.0,
                    1.0
                ],
                "translate": [
                    0.0,
                    22.5,
                    0.0
                ]
            }
        },
        "2": {
            "easeType": 30,
            "endFrame": 25,
            "transform": {
                "rotate": [
                    -0.47999998927116394,
                    -0.44999998807907104,
                    0.0
                ],
                "scale": [
                    1.0,
                    1.0,
                    1.0
                ],
                "translate": [
                    0.0,
                    22.5,
                    0.0
                ]
            }
        },
        "3": {
            "easeType": 30,
            "endFrame": 30,
            "transform": {
                "rotate": [
                    0.009999999776482582,
                    -1.340000033378601,
                    0.0
                ],
                "scale": [
                    1.0,
                    1.0,
                    1.0
                ],
                "translate": [
                    0.0,
                    22.5,
                    0.0
                ]
            }
        },
        "4": {
            "easeType": 9,
            "endFrame": 60,
            "transform": {
                "rotate": [
                    -0.3400000035762787,
                    -0.6600000262260437,
                    0.0
                ],
                "scale": [
                    1.0,
                    1.0,
                    1.0
                ],
                "translate": [
                    0.0,
                    22.5,
                    0.0
                ]
            }
        },
        "5": {
            "easeType": 30,
            "endFrame": 70,
            "transform": {
                "rotate": [
                    -1.149999976158142,
                    0.9399999976158142,
                    0.0
                ],
                "scale": [
                    1.0,
                    1.0,
                    1.0
                ],
                "translate": [
                    0.0,
                    22.5,
                    0.0
                ]
            }
        },
        "6": {
            "easeType": 30,
            "endFrame": 85,
            "transform": {
                "rotate": [
                    -1.149999976158142,
                    0.9399999976158142,
                    0.0
                ],
                "scale": [
                    1.0,
                    1.0,
                    1.0
                ],
                "translate": [
                    0.0,
                    22.5,
                    0.0
                ]
            }
        },
        "7": {
            "easeType": 30,
            "endFrame": 105,
            "transform": {
                "rotate": [
                    0.0,
                    0.0,
                    0.0
                ],
                "scale": [
                    1.0,
                    1.0,
                    1.0
                ],
                "translate": [
                    0.0,
                    22.5,
                    0.0
                ]
            }
        }
    },
    "Stand": {
        "0": {
            "easeType": 0,
            "endFrame": 0,
            "transform": {
                "rotate": [
                    0.0,
                    0.0,
                    0.0
                ],
                "scale": [
                    1.0,
                    1.0,
                    1.0
                ],
                "translate": [
                    0.0,
                    22.5,
                    0.0
                ]
            }
        }
    },
    "MowingDown": {
        "0": {
            "easeType": 0,
            "endFrame": 0,
            "transform": {
                "rotate": [
                    0.0,
                    0.0,
                    0.0
                ],
                "scale": [
                    1.0,
                    1.0,
                    1.0
                ],
                "translate": [
                    0.0,
                    22.5,
                    0.0
                ]
            }
        }
    }
}
