{
    "DashSwingDown": {
        "0": {
            "easeType": 30,
            "endFrame": 0,
            "transform": {
                "rotate": [
                    0.0,
                    0.0,
                    0.0
                ],
                "scale": [
                    1.0,
                    1.0,
                    1.0
                ],
                "translate": [
                    -3.0,
                    -3.0,
                    0.0
                ]
            }
        },
        "1": {
            "easeType": 30,
            "endFrame": 10,
            "transform": {
                "rotate": [
                    -1.2100000381469727,
                    -0.20000000298023224,
                    0.0
                ],
                "scale": [
                    1.0,
                    1.0,
                    1.0
                ],
                "translate": [
                    -3.0,
                    -3.0,
                    0.0
                ]
            }
        },
        "2": {
            "easeType": 30,
            "endFrame": 25,
            "transform": {
                "rotate": [
                    0.8299999833106995,
                    -0.44999998807907104,
                    0.0
                ],
                "scale": [
                    1.0,
                    1.0,
                    1.0
                ],
                "translate": [
                    -3.0,
                    -3.0,
                    0.0
                ]
            }
        },
        "3": {
            "easeType": 30,
            "endFrame": 30,
            "transform": {
                "rotate": [
                    -1.5099999904632568,
                    -0.30000001192092896,
                    0.0
                ],
                "scale": [
                    1.0,
                    1.0,
                    1.0
                ],
                "translate": [
                    -3.0,
                    -3.0,
                    0.0
                ]
            }
        },
        "4": {
            "easeType": 9,
            "endFrame": 60,
            "transform": {
                "rotate": [
                    0.6899999976158142,
                    0.0,
                    0.0
                ],
                "scale": [
                    1.0,
                    1.0,
                    1.0
                ],
                "translate": [
                    -3.0,
                    -3.0,
                    0.0
                ]
            }
        },
        "5": {
            "easeType": 30,
            "endFrame": 70,
            "transform": {
                "rotate": [
                    1.2200000286102295,
                    0.0,
                    0.0
                ],
                "scale": [
                    1.0,
                    1.0,
                    1.0
                ],
                "translate": [
                    -3.0,
                    -3.0,
                    0.0
                ]
            }
        },
        "6": {
            "easeType": 30,
            "endFrame": 85,
            "transform": {
                "rotate": [
                    1.2200000286102295,
                    0.0,
                    0.0
                ],
                "scale": [
                    1.0,
                    1.0,
                    1.0
                ],
                "translate": [
                    -3.0,
                    -3.0,
                    0.0
                ]
            }
        },
        "7": {
            "easeType": 30,
            "endFrame": 105,
            "transform": {
                "rotate": [
                    0.0,
                    0.0,
                    0.0
                ],
                "scale": [
                    1.0,
                    1.0,
                    1.0
                ],
                "translate": [
                    -3.0,
                    -3.0,
                    0.0
                ]
            }
        }
    },
    "MowingDown": {
        "0": {
            "easeType": 0,
            "endFrame": 0,
            "transform": {
                "rotate": [
                    0.0,
                    0.0,
                    0.0
                ],
                "scale": [
                    1.0,
                    1.0,
                    1.0
                ],
                "translate": [
                    -3.0,
                    -3.0,
                    0.0
                ]
            }
        },
        "1": {
            "easeType": 0,
            "endFrame": 30,
            "transform": {
                "rotate": [
                    0.20000000298023224,
                    0.6499999761581421,
                    0.0
                ],
                "scale": [
                    1.0,
                    1.0,
                    1.0
                ],
                "translate": [
                    -3.0,
                    -3.0,
                    0.0
                ]
            }
        },
        "2": {
            "easeType": 0,
            "endFrame": 50,
            "transform": {
                "rotate": [
                    0.20000000298023224,
                    0.6499999761581421,
                    0.0
                ],
                "scale": [
                    1.0,
                    1.0,
                    1.0
                ],
                "translate": [
                    -3.0,
                    -3.0,
                    0.0
                ]
            }
        },
        "3": {
            "easeType": 10,
            "endFrame": 60,
            "transform": {
                "rotate": [
                    -1.5,
                    -0.800000011920929,
                    0.0
                ],
                "scale": [
                    1.0,
                    1.0,
                    1.0
                ],
                "translate": [
                    -3.0,
                    -3.0,
                    0.0
                ]
            }
        },
        "4": {
            "easeType": 0,
            "endFrame": 95,
            "transform": {
                "rotate": [
                    0.0,
                    0.0,
                    0.0
                ],
                "scale": [
                    1.0,
                    1.0,
                    1.0
                ],
                "translate": [
                    -3.0,
                    -3.0,
                    0.0
                ]
            }
        }
    },
    "Stand": {
        "0": {
            "easeType": 0,
            "endFrame": 0,
            "transform": {
                "rotate": [
                    0.0,
                    0.0,
                    0.0
                ],
                "scale": [
                    1.0,
                    1.0,
                    1.0
                ],
                "translate": [
                    -3.0,
                    -3.0,
                    0.0
                ]
            }
        }
    }
}
