{
    "DashSwingDown": {
        "0": {
            "easeType": 30,
            "endFrame": 0,
            "transform": {
                "rotate": [
                    0.0,
                    0.0,
                    0.0
                ],
                "scale": [
                    1.0,
                    1.0,
                    1.0
                ],
                "translate": [
                    -7.5,
                    21.0,
                    0.0
                ]
            }
        },
        "1": {
            "easeType": 30,
            "endFrame": 10,
            "transform": {
                "rotate": [
                    -0.3100000023841858,
                    0.0,
                    -0.3100000023841858
                ],
                "scale": [
                    1.0,
                    1.0,
                    1.0
                ],
                "translate": [
                    -7.5,
                    21.0,
                    0.0
                ]
            }
        },
        "2": {
            "easeType": 30,
            "endFrame": 25,
            "transform": {
                "rotate": [
                    -0.9100000262260437,
                    0.0,
                    -0.7799999713897705
                ],
                "scale": [
                    1.0,
                    1.0,
                    1.0
                ],
                "translate": [
                    -7.5,
                    21.0,
                    0.0
                ]
            }
        },
        "3": {
            "easeType": 30,
            "endFrame": 30,
            "transform": {
                "rotate": [
                    -0.20999999344348907,
                    0.0,
                    -0.9800000190734863
                ],
                "scale": [
                    1.0,
                    1.0,
                    1.0
                ],
                "translate": [
                    -7.5,
                    21.0,
                    0.0
                ]
            }
        },
        "4": {
            "easeType": 9,
            "endFrame": 60,
            "transform": {
                "rotate": [
                    -1.6299999952316284,
                    -0.12999999523162842,
                    0.0
                ],
                "scale": [
                    1.0,
                    1.0,
                    1.0
                ],
                "translate": [
                    -7.5,
                    21.0,
                    0.0
                ]
            }
        },
        "5": {
            "easeType": 30,
            "endFrame": 70,
            "transform": {
                "rotate": [
                    -0.019999999552965164,
                    0.0,
                    -0.699999988079071
                ],
                "scale": [
                    1.0,
                    1.0,
                    1.0
                ],
                "translate": [
                    -7.5,
                    21.0,
                    0.0
                ]
            }
        },
        "6": {
            "easeType": 30,
            "endFrame": 85,
            "transform": {
                "rotate": [
                    -0.019999999552965164,
                    0.0,
                    -0.699999988079071
                ],
                "scale": [
                    1.0,
                    1.0,
                    1.0
                ],
                "translate": [
                    -7.5,
                    21.0,
                    0.0
                ]
            }
        },
        "7": {
            "easeType": 30,
            "endFrame": 105,
            "transform": {
                "rotate": [
                    0.0,
                    0.0,
                    0.0
                ],
                "scale": [
                    1.0,
                    1.0,
                    1.0
                ],
                "translate": [
                    -7.5,
                    21.0,
                    0.0
                ]
            }
        }
    },
    "Stand": {
        "0": {
            "easeType": 0,
            "endFrame": 0,
            "transform": {
                "rotate": [
                    0.0,
                    0.0,
                    0.0
                ],
                "scale": [
                    1.0,
                    1.0,
                    1.0
                ],
                "translate": [
                    -7.5,
                    21.0,
                    0.0
                ]
            }
        }
    }
}
