{
    "DashSwingDown": {
        "0": {
            "easeType": 30,
            "endFrame": 0,
            "transform": {
                "rotate": [
                    0.0,
                    0.0,
                    0.0
                ],
                "scale": [
                    1.0,
                    1.0,
                    1.0
                ],
                "translate": [
                    0.0,
                    -12.0,
                    0.0
                ]
            }
        },
        "1": {
            "easeType": 30,
            "endFrame": 10,
            "transform": {
                "rotate": [
                    1.5700000524520874,
                    -0.07999999821186066,
                    0.0
                ],
                "scale": [
                    1.0,
                    1.0,
                    1.0
                ],
                "translate": [
                    0.0,
                    -12.0,
                    0.0
                ]
            }
        },
        "2": {
            "easeType": 30,
            "endFrame": 25,
            "transform": {
                "rotate": [
                    0.23999999463558197,
                    -0.07999999821186066,
                    0.0
                ],
                "scale": [
                    1.0,
                    1.0,
                    1.0
                ],
                "translate": [
                    0.0,
                    -12.0,
                    0.0
                ]
            }
        },
        "3": {
            "easeType": 30,
            "endFrame": 30,
            "transform": {
                "rotate": [
                    2.3499999046325684,
                    -0.07999999821186066,
                    0.0
                ],
                "scale": [
                    1.0,
                    1.0,
                    1.0
                ],
                "translate": [
                    0.0,
                    -12.0,
                    0.0
                ]
            }
        },
        "4": {
            "easeType": 9,
            "endFrame": 60,
            "transform": {
                "rotate": [
                    0.2800000011920929,
                    0.0,
                    0.0
                ],
                "scale": [
                    1.0,
                    1.0,
                    1.0
                ],
                "translate": [
                    0.0,
                    -12.0,
                    0.0
                ]
            }
        },
        "5": {
            "easeType": 30,
            "endFrame": 70,
            "transform": {
                "rotate": [
                    0.2800000011920929,
                    0.0,
                    0.0
                ],
                "scale": [
                    1.0,
                    1.0,
                    1.0
                ],
                "translate": [
                    0.0,
                    -12.0,
                    0.0
                ]
            }
        },
        "6": {
            "easeType": 30,
            "endFrame": 85,
            "transform": {
                "rotate": [
                    0.2800000011920929,
                    0.0,
                    0.0
                ],
                "scale": [
                    1.0,
                    1.0,
                    1.0
                ],
                "translate": [
                    0.0,
                    -12.0,
                    0.0
                ]
            }
        },
        "7": {
            "easeType": 30,
            "endFrame": 105,
            "transform": {
                "rotate": [
                    0.0,
                    0.0,
                    0.0
                ],
                "scale": [
                    1.0,
                    1.0,
                    1.0
                ],
                "translate": [
                    0.0,
                    -12.0,
                    0.0
                ]
            }
        }
    },
    "MowingDown": {
        "0": {
            "easeType": 0,
            "endFrame": 0,
            "transform": {
                "rotate": [
                    0.0,
                    0.0,
                    0.0
                ],
                "scale": [
                    1.0,
                    1.0,
                    1.0
                ],
                "translate": [
                    0.0,
                    -12.0,
                    0.0
                ]
            }
        },
        "1": {
            "easeType": 0,
            "endFrame": 30,
            "transform": {
                "rotate": [
                    1.2999999523162842,
                    0.5600000023841858,
                    0.0
                ],
                "scale": [
                    1.0,
                    1.0,
                    1.0
                ],
                "translate": [
                    0.0,
                    -12.0,
                    0.0
                ]
            }
        },
        "2": {
            "easeType": 0,
            "endFrame": 50,
            "transform": {
                "rotate": [
                    1.2999999523162842,
                    0.5600000023841858,
                    0.0
                ],
                "scale": [
                    1.0,
                    1.0,
                    1.0
                ],
                "translate": [
                    0.0,
                    -12.0,
                    0.0
                ]
            }
        },
        "3": {
            "easeType": 10,
            "endFrame": 60,
            "transform": {
                "rotate": [
                    1.5,
                    0.0,
                    0.0
                ],
                "scale": [
                    1.0,
                    1.0,
                    1.0
                ],
                "translate": [
                    0.0,
                    -12.0,
                    0.0
                ]
            }
        },
        "4": {
            "easeType": 0,
            "endFrame": 95,
            "transform": {
                "rotate": [
                    0.0,
                    0.0,
                    0.0
                ],
                "scale": [
                    1.0,
                    1.0,
                    1.0
                ],
                "translate": [
                    0.0,
                    -12.0,
                    0.0
                ]
            }
        }
    },
    "Stand": {
        "0": {
            "easeType": 0,
            "endFrame": 0,
            "transform": {
                "rotate": [
                    0.0,
                    0.0,
                    0.0
                ],
                "scale": [
                    1.0,
                    1.0,
                    1.0
                ],
                "translate": [
                    0.0,
                    -12.0,
                    0.0
                ]
            }
        }
    }
}
