{
    "FollowCamera": {
        "moveRate": 0.10000000149011612,
        "offsetLength": -200.0,
        "rotateRate": 0.10000000149011612
    }
}
